,Feature,Passed,Failed,Pass %
0,xxx,15,3,83.33333333333334
1,yyy,21,4,84.0
2,zzz,17,8,68.0
3,aaa,41,18,69.49152542372882
